
vadalaniranjan@gmail.com  Niranjan Vadala
jikarthi@gmail.com Karthick
babarbhosge@gmail.com Mohammed Babar Ali Bhosgi
officialfcstudios@gmail.com Pratik Shigli
snmoond.siddh@gmall.com Shriram Moond
brajbhushan1996@gmail.com Braj Bhushan
moneymonk@gmail.com Shantanu Singh
akshay14791@gmail.com Akshay Mittal
pappu.yadav2037@gmail.com Pappu Yadav
Hari61927@gmail.com Hari singh
sankaryadav13@gmail.com SIVASANKARA G
rohitmitrr07@gmail.com Rohit Gupta
abhash.kumar@springrole.com Abhash Kumar
varunsalunke78@gmail.com varun annappa salunke
mlvivith@gmail.com Vivith kumar ML
jyotijeevan143@gmail.com Jeevan Jyoti Jena
cheemagurjant57@gmail.com Gurjant singh
shivrajp130@gmail.com
ananthvj1@gmail.com Ananth
akash.girimath@ambcrypto.com Akash
21prahaladbelavadi@gmail.com Prahalad Belavadi
cyclops.sk8er@gmail.com JJunaid Shariff
anoush.bhasin@quagmire.in anoush Bhasin
itsmeafridi3@gmail.com Shaik Afrid
Tabassumcrytp@gmail.com Tabassum Naiz
vishesh0109@gmail.com vishesh Shrivastava
hashmiabrar14@gmail.com Abrar Hashmi
01abkr01@gmail.com
Abhishek@gmail.com
aamin.sama@gmail.com Amin sama
gurjantsingh5190@gmail.com Chandershekhar
mhdfaizan25@gmail.com Mohammed Faizan
usersharma.7@gmail.com TARUN
mansoorshareef9@gmail.com Mansoor Pasha
s.jayram8@gmail.com Yjayaram Dora
ravi.wasre5@gmail.com VHRAVIKIRAN
mohammed.shiros@gmail.com |shiros mohammed
mohammedkhalidshaik@gmail.com Shaik Mohammed khahid
prakasht.27@gmail.com Prakash Talapanent
syed.rasool123@gmail.com Syed Rasool Basha
parshuram.m@gmail.com parashuram Mishra
gourgopal.sahoo@gmail.com Gourgopal Sahoo
stylistsandeep@gmail.com Sandeep Kumar Mohanta
------------------------
vis.halmenon.92@gmail.com Vishal Menon
agrawaltushar63@gmail.com Tushar Agrawal
tendulrajlms@gmail.com Tendul ral
shamimntp1@gmail.com Shamim Tp
ajlreshjob@grail.com Akash jain
pramathcash@gmail.comPramath Gunaki
soniwayam@gmail.com Wayam Soni
baluguptamukund@gmail.com Bal Mukund
kuldeep-punith@gmall.com Kuldeep NB
livincjoy1@gmall.com Livin cjoy
harshadborde1@gmail.com Harshad
iamthebj@gmail.com Biswajit Nath
thejasvenkat@gmall.com LTHEJAS BV
deepakkumarc221@gmail.com Deepak kumarc
kkarthikeyan1211@gmail.com Karthikeyan K
zoombamba@gmail.com Priya jain
prabhakar.apn@gmail.com Prabhakar Annamudl
Rakshabhati42@gmail.com Dalaram
armarsam@gmail.com Armar Shamas
shvmsengars3@gmail.com Shivam Singh Sengar
rajali01993@gmail.com Mutaser Ala rajl
veninischitha99@gmail.com VENI NISCHITHA
sanjaymusale.10@gmail.com Sanjay
ADITYAPS1990@GMAIL.COM Aditya PS
cryptojeet@gmail.com Jeethendra
harsh3006840@gmail.com Harsh Khatwani
alishaikh88@ymaii.com Alli shakoor Shaikh
anuragtr9@gmail.com Anuragtr
civilashray@gmail.com Ashray umesh
ljatinrur.gta27@gmail.com atin Rungta
vepanjeri117@gmail.com Lokesh Vepanjeri
bramu414@gmail.com Ramu Battu
coyynmasters@gmail.com Nagendra V
shashankrb77@gmail.com Shashank Re
adityabit007@gmail.com Aditya SA
abhisheksboss@gmail.com abhisheks
srinivasagv999@gmail.com SRINIVASAV
saurabh.iiitb@gmail.com saurabh diwan
smartparth13@gmail.com Parth Nitesh kanakiya
spent_finance@yahoo.com Ramdas Nikham
sairampareek@gmail.com Sairam Pareek
azamatazoha@gmail.com Azamat
-------------------
shaikaltaf.a@gmail.com shaik althaf
lamthebj@gmail.com Biswajit Nath
gemawathkunal@gmail.com Kunal Gemawath
rakeshsjcool@gmail.com Rakesh 5]
santsgare@gmail.com Santosh Shingare
jamallrealestate@gmail.com Zaheer Ahmed
asim.usman.m@gmail.com Asim Usman
rafiboss@gmail.com Syed
dynamitechetan@gmail.com Chetan Kaushik
praneshadams@gmall.com Pranesh Devaraju
irfanmohd6776@gmail.com Muhammad irfan
vinothdurai35@gmail.com VINOTH DURAI
mdtorabali65@gmail.com Torab ali
raahulsnova@hotmail.com RAGULGANTHI
abhishikthaharsha@gmail.com Abhishiktha Harsha
chandhokshashank@gmail.com Shashank 
Chandhoknavinhanan@icloud.com naveen yash
prakashnayaka44@gmail.com Prakashanayaka 
kathirnalini17@gmail.com KATHIRVEL
mithunzone@gmail.com mithun
avmohanav@gmail.com mohan av
shankar.kulkarni54@gmail.com jshankar
ashishtalari@gmail.com Ashish kumnar
srkpvn@gmail.com BS PAVAN KUMAR
wealthhit@gmail.com ISYED ABRAR
prateekmand.007@gmail.com Prateek Mandi
gaganbafna2010@gmail.com Gaagan Kumar Bafna
Arun.549454@gmail.com Arun m
sahil.r2050@yahoo.in Sahil Patel
umairzama3934@gmail.com Umair zama
deveshsingh41@gmail.com Devesh Singh
sidharthkmrsr@gmail.com Sidharth kumar
dineshdiwakar27@hotmail.com Dinesh Diwakar
sksonk1995@gmail.com Sparsh Khandelwal
ajaygill1984@gmail.com AJAY SINGH GILL
er.pankaj.crypto@gmail.com Pankaj Kumar
2018ashwin@gmail.com Ashwin MP
singhpack07@gmail.com Devendra singh
hariskkilm@gmail.com Haris
chandraprakash.mn@gmail.com 
chandraprakash.mnvivekkm20@gmail.com Vivek
taunakaggarwal@gmail.com Raunak
aabiforex@gmail.com Abid Hassan N
--------------------------------
hamilpp@gmail.com Hamil perincheeri
s.faris012@gmail.com Salman faris
shriyashshingare@gmail.com Shriyash Shingare
bitkittu@gmail.com Kolusu sivaramakrishna
msuhailv@yahoo.com MUHAMMED SUHAIL V
himi7121998@gmail.com Himanshu Garg
aasima1982@gmail.com Aasim
coolatmusic@gmail.com Abhishek Tiwari
mohammedsuhaib585@gmail.com Mohammed Suhaib Raza
Jason@jasonfernandes.com Jason Fernandes
globalbtc.prime@gmail.com Sangram Satapathy
challengersp@mail.com ames Kuruvilla
kasifaliwdr@gmail.com Kasif Ali
vishwas.sardara@gmail.com Vishwas SM
manju.11586@gmail.com Manjunath HL
jaatzamidar485@gmail.com Amit kumar
shrikar@blockmanity.com Shrikar RU
lohitreddy1998@gmail.comLohit Reddy
sameer.panchangam@gmail.com Sameer Panchangam
sanathsuri28@gmail.comSanath
ishan@blockmanity.com Ishan Garg
ankitagg2302@gmail.com Ankit Aggarwal
sakethchintu999@gmail.com AKUTOTA SAKETH
sunnyburnwal219@gmail.com Sunny kumar burnwal
twallet.bitcoin@gmail.com Parag subhash kode
dinakarmarella@gmail.com Dinakar Marella
sadulapremkumar1@gmail.com sadula premkum ar
rahulgemawath@gmail.com Rahul Gemawath
gauravair1@gmaii.com Gaurav Dahake
kishen9190@gmail.com Kishen Ramaswamy
me.archash@gmail.com Archana Ashok
cryptokishore@gmail.com Kishore kumar
rankuptalukdar@gmail.com Raj Sulav Talukdar
nishikantsinha59@gmail.com Nishikant Sinha
surendrareddydv@gmail.com Surendra Reddy
kpmadesh@gmail.com Madesh P
Surajhindiusa@gmail.com Suraj Mali
tej@jaaga.in Tej Pochiraju
profitlisk@gmail.com NithyaRakesh
priya@ambcrypto.com Priya N.V
vinsa.tm@gmail.com Vinay TM
ajithvargh@gmail.com Ajith Varghese
pamesh77@gmail.com Pamesh Deshmukh
-----------------------------------
navmee12@gmail.com Navneet kumar
digitalelectronics2016@gmail.com Ranganna naik
nazishhasann@gmail.com Nazish hasan
dhawalg33@gmail.com Dhawal Ram Gabhane
ljagansree222@gmail.com Yarranagu jaganmohan reddy
owlbeindia@gmail.com Akshay Kumar M
joeanthony98@gmail.com Joe Anthony
rahul92.work@gmail.com Rahul Sharma
kaninagalingam21@gmail.com Kanimozhi N
sindu1202@gmail.com Sindu Nagalingam
casualdude947@gmail.com Sathish
anthony_1087@yahoo.com Anthony Raj
rinu@nextazy.com Rinu Susan Jacob
janmoltiwari13@gmail.com Anmol Tiwari
vis7nuvijayan@gmail.com Vishnu Vijayan
jdas388@gmaii.com Jyoti Prakash Das
rajbunty007@gmail.com C Raj Kumar Sahu .
rajbharmai@gmail.com M Burhanuddin Husain
muralikrishna.suram@gmail.com Muralikrishna Suram
GNARALA@GMAIL.COM Gurunath N
syedjeelanisj1234@gmail.com M Syed jeelani
Vinayavr18@gmaii.com Vinaya Mary
rohitahuja18@gmaii.com Rohit Ahuja
beenasharma306@gmail.com Vanisha R
www.dulalbolida@gmail.com IDULAL BOLIDA
aheli@crypto-news.in Aheli Raychaudhuri
rajmoleyar@gmail.com raj
aryanpariahofficialemaii@gmail.com Aryan Pariah
arunmanoharanunni@gmail.com Arun AM
nadeem.ali235@gmail.com Nadeem ali
Martomj333@gmail.com marto amul raj
koshik.raj@gmail.com Koshik Raj
gyanlakshmi@gmail.com Gnana lakshmi
Shekhar.saurabh@syncoms.com Shekhar Saurabh Biswal
vharshith@gmail.com harshith vanaparthy
reganraja36@gmail.com Regan A
gopisureshakula123@gmail.com GOPISURESH
dimvittalasu@gmail.com VITTALA
sozarosh@gmail.com Roshan
shama.impression@gmail.com Shaman
laojieling@hinterstellar.com Jolin Lao
shashitgowda@gmail.com Shashirat
dasarigopinath@gmail.com Gopinath Dasari
----------------------------
gvijayganth@gmail.com
avendrap819@gmail.com Raghavendra prasad
jithin@knownsense.me Jithin Raj
mandeepkhorana@hotmail.com Mandeep Singh
najees2000@yahoo.com Najeeb ur rahman
jeevantm89@gmail.com Jeevan
jayjitporel2015@gmail.com MH AYJIT POREL
ajeetsharma389@gmail.com Ajeet Sharma
roshan.raghu143@gmail.com Roshan.h.k
vdabhi123@gmail.com Vipul Dabhi
abhishek544777@gmail.com Abhishek TV
mdsufiyanazhar@gmail.com Md Azhar Hussain
krnmurthy60@gmail.com NARASIMHA MURTHY KR
pradeep.dambe@gmail.com Bhushan Dambe
syedazeem1102@gmail.com Azeem syed
ishtiyaq.syed78@gmail.com Syed ishtiyaq
paulxavier291@gmail.com MPAUL XAVIER
chakkru007@gmail.com Chakravarthy
shaijalmuthu2002@gmail.com Shaijal PT
yesudas747@gmail.com Yesudas Sebastian
tradingvicky@gmaii.com Trading Vicky
buddyparwani@gmaii.com Tushar Parwani
vkranga@hotmail.com Ranganathan
badami.vasu@gmaii.com vasudhendra Badami
singhakash414@gmail.com Aakash Kumar Singh
vvrajashekar@gmail.com Rajashekar
siddeshs032@gmaili.com siddesh
karthik.krk65i@gmaii.com Karthik r
vssenthilkmr@gmail.com nlsen thil kumar
ajmal221@gmail.com iluhamm ed Ajmal
ssbiswal14@gmail.com VShekhar Bisw!
tharak7@gmail.com Tharak
raghu@ibc.media Raghu Mohan
deepak1c09@gmail.com Deepak subramani J
chowdary2210@gmail.com Narasimha
suzana.joel84@gmail.com Suzana Joei
kaavya.prasad26@gmail.com kaavya prasad
rupeshr20@gmail.com Uday

